DevStudy_100003	sub-100003
DevStudy_100009	sub-100009
DevStudy_100042	sub-100042
devstudy_100051	sub-100051
100057	sub-100057
devstudy_100059	sub-100059
DevStudy_100060	sub-100060
100062_DS	sub-100062
devstudy_100063	sub-100063
DevStudy_100068	sub-100068
DevStudy_100103	sub-100103
DevStudy_100104	sub-100104
DevStudy_100105	sub-100105
devstudy_100109	sub-100109
devstudy_100110	sub-100110
DevStudy_100128	sub-100128
DevStudy_100129	sub-100129
DevStudy_100143	sub-100143
DevStudy_100152	sub-100152
DevStudy_100169	sub-100169
DevStudy_100180	sub-100180
DevStudy_100185	sub-100185
devstudy_100188	sub-100188
DevStudy_100191	sub-100191
DevStudy_100207	sub-100207
DevStudy_100214	sub-100214
DevStudy_100215	sub-100215
DevStudy_100241	sub-100241
DevStudy_100243	sub-100243
DevStudy_100244	sub-100244
DevStudy_100247	sub-100247
DevStudy_100250	sub-100250
DevStudy_200025	sub-200025
devstudy_200027	sub-200027
DevStudy_200056	sub-200056
devstudy_200061	sub-200061
devstudy_200081	sub-200081
devstudy_200085	sub-200085
devstudy_200088	sub-200088
DevStudy_200133	sub-200133
DevStudy_200148	sub-200148
DevStudy_200156	sub-200156
DevStudy_200162	sub-200162
DevStudy_200164	sub-200164
DevStudy_200166	sub-200166
DevStudy_200168	sub-200168
DevStudy_200173	sub-200173
devstudy_200199	sub-200199
DevStudy_200211	sub-200211
DevStudy_200213	sub-200213
DevStudy_200249	sub-200249
DevStudy_304228	sub-304228
devstudy_306065	sub-306065
DevStudy_306587	sub-306587
DevStudy_308023	sub-308023
devstudy_310949	sub-310949
devstudy_311047	sub-311047
DevStudy_311283	sub-311283
devstudy_311444	sub-311444
311479	sub-311479
DevStudy_311760	sub-311760
devstudy_400285	sub-400285
devstudy_400742	sub-400742
DevStudy_402997	sub-402997
devstudy_405027_2	sub-405027_2
14_02_26-13_13_43-STD-1_3_12_2_1107_5_2_19_45239	sub-406620
devstudy_406925	sub-406925
devstudy_406980	sub-406980
devstudy_406989	sub-406989
devstudy_407209	sub-407209
DevStudy_407260	sub-407260
DevStudy_407260b	sub-407260_b
devstudy_407672	sub-407672
devstudy_408394	sub-408394
devstudy_408511	sub-408511
DevStudy_408662	sub-408662
devstudy_408952	sub-408952
devstudy_408988	sub-408988
devstudy_409381	sub-409381
devstudy_409850	sub-409850
devstudy_409874	sub-409874
DevStudy_411236	sub-411236
devstudy_411256	sub-411256
devstudy_411477	sub-411477
DevStudy_sarahtest	sub-test
