,file,vols
0,/oak/stanford/groups/russpold/data/ds000054/0.0.2/sub-100241/func/sub-100241_task-machinegame_run-04_bold.nii.gz,11
0,/oak/stanford/groups/russpold/data/ds000054/0.0.2/sub-100103/func/sub-100103_task-machinegame_run-03_bold.nii.gz,42
0,/oak/stanford/groups/russpold/data/ds000054/0.0.2/sub-406989/func/sub-406989_task-machinegame_run-01_bold.nii.gz,131
0,/oak/stanford/groups/russpold/data/ds000054/0.0.2/sub-100215/func/sub-100215_task-machinegame_run-01_bold.nii.gz,141
0,/oak/stanford/groups/russpold/data/ds000054/0.0.2/sub-306065/func/sub-306065_task-machinegame_run-01_bold.nii.gz,148
0,/oak/stanford/groups/russpold/data/ds000054/0.0.2/sub-100188/func/sub-100188_task-machinegame_run-04_bold.nii.gz,153
0,/oak/stanford/groups/russpold/data/ds000054/0.0.2/sub-100110/func/sub-100110_task-machinegame_run-06_bold.nii.gz,161
0,/oak/stanford/groups/russpold/data/ds000054/0.0.2/sub-200085/func/sub-200085_task-machinegame_run-06_bold.nii.gz,216
0,/oak/stanford/groups/russpold/data/ds000054/0.0.2/sub-200085/func/sub-200085_task-machinegame_run-02_bold.nii.gz,216
0,/oak/stanford/groups/russpold/data/ds000054/0.0.2/sub-100105/func/sub-100105_task-machinegame_run-02_bold.nii.gz,216
0,/oak/stanford/groups/russpold/data/ds000054/0.0.2/sub-100105/func/sub-100105_task-machinegame_run-01_bold.nii.gz,216
0,/oak/stanford/groups/russpold/data/ds000054/0.0.2/sub-100105/func/sub-100105_task-machinegame_run-05_bold.nii.gz,216
0,/oak/stanford/groups/russpold/data/ds000054/0.0.2/sub-200085/func/sub-200085_task-machinegame_run-01_bold.nii.gz,216
0,/oak/stanford/groups/russpold/data/ds000054/0.0.2/sub-200085/func/sub-200085_task-machinegame_run-03_bold.nii.gz,216
0,/oak/stanford/groups/russpold/data/ds000054/0.0.2/sub-100105/func/sub-100105_task-machinegame_run-06_bold.nii.gz,216
0,/oak/stanford/groups/russpold/data/ds000054/0.0.2/sub-200085/func/sub-200085_task-machinegame_run-05_bold.nii.gz,216
0,/oak/stanford/groups/russpold/data/ds000054/0.0.2/sub-200085/func/sub-200085_task-machinegame_run-04_bold.nii.gz,216
0,/oak/stanford/groups/russpold/data/ds000054/0.0.2/sub-100128/func/sub-100128_task-machinegame_run-02_bold.nii.gz,216
0,/oak/stanford/groups/russpold/data/ds000054/0.0.2/sub-400742/func/sub-400742_task-machinegame_run-06_bold.nii.gz,216
0,/oak/stanford/groups/russpold/data/ds000054/0.0.2/sub-400742/func/sub-400742_task-machinegame_run-03_bold.nii.gz,216
0,/oak/stanford/groups/russpold/data/ds000054/0.0.2/sub-100105/func/sub-100105_task-machinegame_run-04_bold.nii.gz,216
0,/oak/stanford/groups/russpold/data/ds000054/0.0.2/sub-400742/func/sub-400742_task-machinegame_run-05_bold.nii.gz,216
0,/oak/stanford/groups/russpold/data/ds000054/0.0.2/sub-400742/func/sub-400742_task-machinegame_run-04_bold.nii.gz,216
0,/oak/stanford/groups/russpold/data/ds000054/0.0.2/sub-400742/func/sub-400742_task-machinegame_run-01_bold.nii.gz,216
0,/oak/stanford/groups/russpold/data/ds000054/0.0.2/sub-311760/func/sub-311760_task-machinegame_run-03_bold.nii.gz,216
0,/oak/stanford/groups/russpold/data/ds000054/0.0.2/sub-311760/func/sub-311760_task-machinegame_run-05_bold.nii.gz,216
0,/oak/stanford/groups/russpold/data/ds000054/0.0.2/sub-311760/func/sub-311760_task-machinegame_run-04_bold.nii.gz,216
0,/oak/stanford/groups/russpold/data/ds000054/0.0.2/sub-311760/func/sub-311760_task-machinegame_run-01_bold.nii.gz,216
0,/oak/stanford/groups/russpold/data/ds000054/0.0.2/sub-311760/func/sub-311760_task-machinegame_run-06_bold.nii.gz,216
0,/oak/stanford/groups/russpold/data/ds000054/0.0.2/sub-311760/func/sub-311760_task-machinegame_run-02_bold.nii.gz,216
0,/oak/stanford/groups/russpold/data/ds000054/0.0.2/sub-400742/func/sub-400742_task-machinegame_run-02_bold.nii.gz,216
0,/oak/stanford/groups/russpold/data/ds000054/0.0.2/sub-100105/func/sub-100105_task-machinegame_run-03_bold.nii.gz,216
0,/oak/stanford/groups/russpold/data/ds000054/0.0.2/sub-100185/func/sub-100185_task-machinegame_run-02_bold.nii.gz,216
0,/oak/stanford/groups/russpold/data/ds000054/0.0.2/sub-100143/func/sub-100143_task-machinegame_run-05_bold.nii.gz,216
0,/oak/stanford/groups/russpold/data/ds000054/0.0.2/sub-304228/func/sub-304228_task-machinegame_run-01_bold.nii.gz,216
0,/oak/stanford/groups/russpold/data/ds000054/0.0.2/sub-304228/func/sub-304228_task-machinegame_run-05_bold.nii.gz,216
0,/oak/stanford/groups/russpold/data/ds000054/0.0.2/sub-200211/func/sub-200211_task-machinegame_run-05_bold.nii.gz,216
0,/oak/stanford/groups/russpold/data/ds000054/0.0.2/sub-200211/func/sub-200211_task-machinegame_run-04_bold.nii.gz,216
0,/oak/stanford/groups/russpold/data/ds000054/0.0.2/sub-200211/func/sub-200211_task-machinegame_run-01_bold.nii.gz,216
0,/oak/stanford/groups/russpold/data/ds000054/0.0.2/sub-200211/func/sub-200211_task-machinegame_run-03_bold.nii.gz,216
0,/oak/stanford/groups/russpold/data/ds000054/0.0.2/sub-200211/func/sub-200211_task-machinegame_run-06_bold.nii.gz,216
0,/oak/stanford/groups/russpold/data/ds000054/0.0.2/sub-200211/func/sub-200211_task-machinegame_run-02_bold.nii.gz,216
0,/oak/stanford/groups/russpold/data/ds000054/0.0.2/sub-406925/func/sub-406925_task-machinegame_run-01_bold.nii.gz,216
0,/oak/stanford/groups/russpold/data/ds000054/0.0.2/sub-406925/func/sub-406925_task-machinegame_run-04_bold.nii.gz,216
0,/oak/stanford/groups/russpold/data/ds000054/0.0.2/sub-406925/func/sub-406925_task-machinegame_run-03_bold.nii.gz,216
0,/oak/stanford/groups/russpold/data/ds000054/0.0.2/sub-406925/func/sub-406925_task-machinegame_run-06_bold.nii.gz,216
0,/oak/stanford/groups/russpold/data/ds000054/0.0.2/sub-100185/func/sub-100185_task-machinegame_run-05_bold.nii.gz,216
0,/oak/stanford/groups/russpold/data/ds000054/0.0.2/sub-406925/func/sub-406925_task-machinegame_run-02_bold.nii.gz,216
0,/oak/stanford/groups/russpold/data/ds000054/0.0.2/sub-100110/func/sub-100110_task-machinegame_run-05_bold.nii.gz,216
0,/oak/stanford/groups/russpold/data/ds000054/0.0.2/sub-100110/func/sub-100110_task-machinegame_run-02_bold.nii.gz,216
0,/oak/stanford/groups/russpold/data/ds000054/0.0.2/sub-100110/func/sub-100110_task-machinegame_run-04_bold.nii.gz,216
0,/oak/stanford/groups/russpold/data/ds000054/0.0.2/sub-100110/func/sub-100110_task-machinegame_run-03_bold.nii.gz,216
0,/oak/stanford/groups/russpold/data/ds000054/0.0.2/sub-100110/func/sub-100110_task-machinegame_run-01_bold.nii.gz,216
0,/oak/stanford/groups/russpold/data/ds000054/0.0.2/sub-100169/func/sub-100169_task-machinegame_run-01_bold.nii.gz,216
0,/oak/stanford/groups/russpold/data/ds000054/0.0.2/sub-100169/func/sub-100169_task-machinegame_run-02_bold.nii.gz,216
0,/oak/stanford/groups/russpold/data/ds000054/0.0.2/sub-100169/func/sub-100169_task-machinegame_run-03_bold.nii.gz,216
0,/oak/stanford/groups/russpold/data/ds000054/0.0.2/sub-100185/func/sub-100185_task-machinegame_run-01_bold.nii.gz,216
0,/oak/stanford/groups/russpold/data/ds000054/0.0.2/sub-100185/func/sub-100185_task-machinegame_run-04_bold.nii.gz,216
0,/oak/stanford/groups/russpold/data/ds000054/0.0.2/sub-100185/func/sub-100185_task-machinegame_run-03_bold.nii.gz,216
0,/oak/stanford/groups/russpold/data/ds000054/0.0.2/sub-100185/func/sub-100185_task-machinegame_run-06_bold.nii.gz,216
0,/oak/stanford/groups/russpold/data/ds000054/0.0.2/sub-406925/func/sub-406925_task-machinegame_run-05_bold.nii.gz,216
0,/oak/stanford/groups/russpold/data/ds000054/0.0.2/sub-100143/func/sub-100143_task-machinegame_run-01_bold.nii.gz,216
0,/oak/stanford/groups/russpold/data/ds000054/0.0.2/sub-100143/func/sub-100143_task-machinegame_run-04_bold.nii.gz,216
0,/oak/stanford/groups/russpold/data/ds000054/0.0.2/sub-304228/func/sub-304228_task-machinegame_run-07_bold.nii.gz,216
0,/oak/stanford/groups/russpold/data/ds000054/0.0.2/sub-100062/func/sub-100062_task-machinegame_run-03_bold.nii.gz,216
0,/oak/stanford/groups/russpold/data/ds000054/0.0.2/sub-100062/func/sub-100062_task-machinegame_run-02_bold.nii.gz,216
0,/oak/stanford/groups/russpold/data/ds000054/0.0.2/sub-306587/func/sub-306587_task-machinegame_run-02_bold.nii.gz,216
0,/oak/stanford/groups/russpold/data/ds000054/0.0.2/sub-306587/func/sub-306587_task-machinegame_run-03_bold.nii.gz,216
0,/oak/stanford/groups/russpold/data/ds000054/0.0.2/sub-306587/func/sub-306587_task-machinegame_run-06_bold.nii.gz,216
0,/oak/stanford/groups/russpold/data/ds000054/0.0.2/sub-306587/func/sub-306587_task-machinegame_run-04_bold.nii.gz,216
0,/oak/stanford/groups/russpold/data/ds000054/0.0.2/sub-306587/func/sub-306587_task-machinegame_run-05_bold.nii.gz,216
0,/oak/stanford/groups/russpold/data/ds000054/0.0.2/sub-306587/func/sub-306587_task-machinegame_run-01_bold.nii.gz,216
0,/oak/stanford/groups/russpold/data/ds000054/0.0.2/sub-200156/func/sub-200156_task-machinegame_run-04_bold.nii.gz,216
0,/oak/stanford/groups/russpold/data/ds000054/0.0.2/sub-200156/func/sub-200156_task-machinegame_run-06_bold.nii.gz,216
0,/oak/stanford/groups/russpold/data/ds000054/0.0.2/sub-200156/func/sub-200156_task-machinegame_run-05_bold.nii.gz,216
0,/oak/stanford/groups/russpold/data/ds000054/0.0.2/sub-200156/func/sub-200156_task-machinegame_run-03_bold.nii.gz,216
0,/oak/stanford/groups/russpold/data/ds000054/0.0.2/sub-100062/func/sub-100062_task-machinegame_run-06_bold.nii.gz,216
0,/oak/stanford/groups/russpold/data/ds000054/0.0.2/sub-200156/func/sub-200156_task-machinegame_run-01_bold.nii.gz,216
0,/oak/stanford/groups/russpold/data/ds000054/0.0.2/sub-100180/func/sub-100180_task-machinegame_run-01_bold.nii.gz,216
0,/oak/stanford/groups/russpold/data/ds000054/0.0.2/sub-100180/func/sub-100180_task-machinegame_run-02_bold.nii.gz,216
0,/oak/stanford/groups/russpold/data/ds000054/0.0.2/sub-100180/func/sub-100180_task-machinegame_run-04_bold.nii.gz,216
0,/oak/stanford/groups/russpold/data/ds000054/0.0.2/sub-100180/func/sub-100180_task-machinegame_run-03_bold.nii.gz,216
0,/oak/stanford/groups/russpold/data/ds000054/0.0.2/sub-100180/func/sub-100180_task-machinegame_run-06_bold.nii.gz,216
0,/oak/stanford/groups/russpold/data/ds000054/0.0.2/sub-100180/func/sub-100180_task-machinegame_run-05_bold.nii.gz,216
0,/oak/stanford/groups/russpold/data/ds000054/0.0.2/sub-406989/func/sub-406989_task-machinegame_run-05_bold.nii.gz,216
0,/oak/stanford/groups/russpold/data/ds000054/0.0.2/sub-406989/func/sub-406989_task-machinegame_run-03_bold.nii.gz,216
0,/oak/stanford/groups/russpold/data/ds000054/0.0.2/sub-406989/func/sub-406989_task-machinegame_run-02_bold.nii.gz,216
0,/oak/stanford/groups/russpold/data/ds000054/0.0.2/sub-406989/func/sub-406989_task-machinegame_run-06_bold.nii.gz,216
0,/oak/stanford/groups/russpold/data/ds000054/0.0.2/sub-406989/func/sub-406989_task-machinegame_run-04_bold.nii.gz,216
0,/oak/stanford/groups/russpold/data/ds000054/0.0.2/sub-200148/func/sub-200148_task-machinegame_run-04_bold.nii.gz,216
0,/oak/stanford/groups/russpold/data/ds000054/0.0.2/sub-200156/func/sub-200156_task-machinegame_run-02_bold.nii.gz,216
0,/oak/stanford/groups/russpold/data/ds000054/0.0.2/sub-100143/func/sub-100143_task-machinegame_run-03_bold.nii.gz,216
0,/oak/stanford/groups/russpold/data/ds000054/0.0.2/sub-100062/func/sub-100062_task-machinegame_run-01_bold.nii.gz,216
0,/oak/stanford/groups/russpold/data/ds000054/0.0.2/sub-100062/func/sub-100062_task-machinegame_run-05_bold.nii.gz,216
0,/oak/stanford/groups/russpold/data/ds000054/0.0.2/sub-100143/func/sub-100143_task-machinegame_run-06_bold.nii.gz,216
0,/oak/stanford/groups/russpold/data/ds000054/0.0.2/sub-100143/func/sub-100143_task-machinegame_run-02_bold.nii.gz,216
0,/oak/stanford/groups/russpold/data/ds000054/0.0.2/sub-200133/func/sub-200133_task-machinegame_run-05_bold.nii.gz,216
0,/oak/stanford/groups/russpold/data/ds000054/0.0.2/sub-200133/func/sub-200133_task-machinegame_run-01_bold.nii.gz,216
0,/oak/stanford/groups/russpold/data/ds000054/0.0.2/sub-200133/func/sub-200133_task-machinegame_run-02_bold.nii.gz,216
0,/oak/stanford/groups/russpold/data/ds000054/0.0.2/sub-200133/func/sub-200133_task-machinegame_run-04_bold.nii.gz,216
0,/oak/stanford/groups/russpold/data/ds000054/0.0.2/sub-200133/func/sub-200133_task-machinegame_run-06_bold.nii.gz,216
0,/oak/stanford/groups/russpold/data/ds000054/0.0.2/sub-200133/func/sub-200133_task-machinegame_run-03_bold.nii.gz,216
0,/oak/stanford/groups/russpold/data/ds000054/0.0.2/sub-308023/func/sub-308023_task-machinegame_run-01_bold.nii.gz,216
0,/oak/stanford/groups/russpold/data/ds000054/0.0.2/sub-308023/func/sub-308023_task-machinegame_run-03_bold.nii.gz,216
0,/oak/stanford/groups/russpold/data/ds000054/0.0.2/sub-308023/func/sub-308023_task-machinegame_run-02_bold.nii.gz,216
0,/oak/stanford/groups/russpold/data/ds000054/0.0.2/sub-308023/func/sub-308023_task-machinegame_run-05_bold.nii.gz,216
0,/oak/stanford/groups/russpold/data/ds000054/0.0.2/sub-100062/func/sub-100062_task-machinegame_run-04_bold.nii.gz,216
0,/oak/stanford/groups/russpold/data/ds000054/0.0.2/sub-308023/func/sub-308023_task-machinegame_run-04_bold.nii.gz,216
0,/oak/stanford/groups/russpold/data/ds000054/0.0.2/sub-311479/func/sub-311479_task-machinegame_run-03_bold.nii.gz,216
0,/oak/stanford/groups/russpold/data/ds000054/0.0.2/sub-311479/func/sub-311479_task-machinegame_run-05_bold.nii.gz,216
0,/oak/stanford/groups/russpold/data/ds000054/0.0.2/sub-311479/func/sub-311479_task-machinegame_run-04_bold.nii.gz,216
0,/oak/stanford/groups/russpold/data/ds000054/0.0.2/sub-311479/func/sub-311479_task-machinegame_run-02_bold.nii.gz,216
0,/oak/stanford/groups/russpold/data/ds000054/0.0.2/sub-311479/func/sub-311479_task-machinegame_run-01_bold.nii.gz,216
0,/oak/stanford/groups/russpold/data/ds000054/0.0.2/sub-311479/func/sub-311479_task-machinegame_run-06_bold.nii.gz,216
0,/oak/stanford/groups/russpold/data/ds000054/0.0.2/sub-100152/func/sub-100152_task-machinegame_run-02_bold.nii.gz,216
0,/oak/stanford/groups/russpold/data/ds000054/0.0.2/sub-100152/func/sub-100152_task-machinegame_run-05_bold.nii.gz,216
0,/oak/stanford/groups/russpold/data/ds000054/0.0.2/sub-100152/func/sub-100152_task-machinegame_run-01_bold.nii.gz,216
0,/oak/stanford/groups/russpold/data/ds000054/0.0.2/sub-100152/func/sub-100152_task-machinegame_run-03_bold.nii.gz,216
0,/oak/stanford/groups/russpold/data/ds000054/0.0.2/sub-100152/func/sub-100152_task-machinegame_run-04_bold.nii.gz,216
0,/oak/stanford/groups/russpold/data/ds000054/0.0.2/sub-100152/func/sub-100152_task-machinegame_run-06_bold.nii.gz,216
0,/oak/stanford/groups/russpold/data/ds000054/0.0.2/sub-308023/func/sub-308023_task-machinegame_run-06_bold.nii.gz,216
0,/oak/stanford/groups/russpold/data/ds000054/0.0.2/sub-304228/func/sub-304228_task-machinegame_run-02_bold.nii.gz,216
0,/oak/stanford/groups/russpold/data/ds000054/0.0.2/sub-304228/func/sub-304228_task-machinegame_run-04_bold.nii.gz,216
0,/oak/stanford/groups/russpold/data/ds000054/0.0.2/sub-200148/func/sub-200148_task-machinegame_run-06_bold.nii.gz,216
0,/oak/stanford/groups/russpold/data/ds000054/0.0.2/sub-200173/func/sub-200173_task-machinegame_run-05_bold.nii.gz,216
0,/oak/stanford/groups/russpold/data/ds000054/0.0.2/sub-200173/func/sub-200173_task-machinegame_run-02_bold.nii.gz,216
0,/oak/stanford/groups/russpold/data/ds000054/0.0.2/sub-200173/func/sub-200173_task-machinegame_run-06_bold.nii.gz,216
0,/oak/stanford/groups/russpold/data/ds000054/0.0.2/sub-402997/func/sub-402997_task-machinegame_run-02_bold.nii.gz,216
0,/oak/stanford/groups/russpold/data/ds000054/0.0.2/sub-402997/func/sub-402997_task-machinegame_run-04_bold.nii.gz,216
0,/oak/stanford/groups/russpold/data/ds000054/0.0.2/sub-402997/func/sub-402997_task-machinegame_run-01_bold.nii.gz,216
0,/oak/stanford/groups/russpold/data/ds000054/0.0.2/sub-402997/func/sub-402997_task-machinegame_run-05_bold.nii.gz,216
0,/oak/stanford/groups/russpold/data/ds000054/0.0.2/sub-402997/func/sub-402997_task-machinegame_run-06_bold.nii.gz,216
0,/oak/stanford/groups/russpold/data/ds000054/0.0.2/sub-402997/func/sub-402997_task-machinegame_run-03_bold.nii.gz,216
0,/oak/stanford/groups/russpold/data/ds000054/0.0.2/sub-311047/func/sub-311047_task-machinegame_run-02_bold.nii.gz,216
0,/oak/stanford/groups/russpold/data/ds000054/0.0.2/sub-311047/func/sub-311047_task-machinegame_run-05_bold.nii.gz,216
0,/oak/stanford/groups/russpold/data/ds000054/0.0.2/sub-311047/func/sub-311047_task-machinegame_run-06_bold.nii.gz,216
0,/oak/stanford/groups/russpold/data/ds000054/0.0.2/sub-200173/func/sub-200173_task-machinegame_run-01_bold.nii.gz,216
0,/oak/stanford/groups/russpold/data/ds000054/0.0.2/sub-311047/func/sub-311047_task-machinegame_run-04_bold.nii.gz,216
0,/oak/stanford/groups/russpold/data/ds000054/0.0.2/sub-311047/func/sub-311047_task-machinegame_run-01_bold.nii.gz,216
0,/oak/stanford/groups/russpold/data/ds000054/0.0.2/sub-200081/func/sub-200081_task-machinegame_run-01_bold.nii.gz,216
0,/oak/stanford/groups/russpold/data/ds000054/0.0.2/sub-200081/func/sub-200081_task-machinegame_run-03_bold.nii.gz,216
0,/oak/stanford/groups/russpold/data/ds000054/0.0.2/sub-200081/func/sub-200081_task-machinegame_run-06_bold.nii.gz,216
0,/oak/stanford/groups/russpold/data/ds000054/0.0.2/sub-200081/func/sub-200081_task-machinegame_run-04_bold.nii.gz,216
0,/oak/stanford/groups/russpold/data/ds000054/0.0.2/sub-200081/func/sub-200081_task-machinegame_run-05_bold.nii.gz,216
0,/oak/stanford/groups/russpold/data/ds000054/0.0.2/sub-200081/func/sub-200081_task-machinegame_run-02_bold.nii.gz,216
0,/oak/stanford/groups/russpold/data/ds000054/0.0.2/sub-100042/func/sub-100042_task-machinegame_run-06_bold.nii.gz,216
0,/oak/stanford/groups/russpold/data/ds000054/0.0.2/sub-100042/func/sub-100042_task-machinegame_run-05_bold.nii.gz,216
0,/oak/stanford/groups/russpold/data/ds000054/0.0.2/sub-100042/func/sub-100042_task-machinegame_run-02_bold.nii.gz,216
0,/oak/stanford/groups/russpold/data/ds000054/0.0.2/sub-100042/func/sub-100042_task-machinegame_run-03_bold.nii.gz,216
0,/oak/stanford/groups/russpold/data/ds000054/0.0.2/sub-100042/func/sub-100042_task-machinegame_run-01_bold.nii.gz,216
0,/oak/stanford/groups/russpold/data/ds000054/0.0.2/sub-311047/func/sub-311047_task-machinegame_run-03_bold.nii.gz,216
0,/oak/stanford/groups/russpold/data/ds000054/0.0.2/sub-100042/func/sub-100042_task-machinegame_run-04_bold.nii.gz,216
0,/oak/stanford/groups/russpold/data/ds000054/0.0.2/sub-200173/func/sub-200173_task-machinegame_run-03_bold.nii.gz,216
0,/oak/stanford/groups/russpold/data/ds000054/0.0.2/sub-100244/func/sub-100244_task-machinegame_run-04_bold.nii.gz,216
0,/oak/stanford/groups/russpold/data/ds000054/0.0.2/sub-408662/func/sub-408662_task-machinegame_run-01_bold.nii.gz,216
0,/oak/stanford/groups/russpold/data/ds000054/0.0.2/sub-408662/func/sub-408662_task-machinegame_run-04_bold.nii.gz,216
0,/oak/stanford/groups/russpold/data/ds000054/0.0.2/sub-408662/func/sub-408662_task-machinegame_run-05_bold.nii.gz,216
0,/oak/stanford/groups/russpold/data/ds000054/0.0.2/sub-408662/func/sub-408662_task-machinegame_run-03_bold.nii.gz,216
0,/oak/stanford/groups/russpold/data/ds000054/0.0.2/sub-100214/func/sub-100214_task-machinegame_run-02_bold.nii.gz,216
0,/oak/stanford/groups/russpold/data/ds000054/0.0.2/sub-100214/func/sub-100214_task-machinegame_run-05_bold.nii.gz,216
0,/oak/stanford/groups/russpold/data/ds000054/0.0.2/sub-100214/func/sub-100214_task-machinegame_run-03_bold.nii.gz,216
0,/oak/stanford/groups/russpold/data/ds000054/0.0.2/sub-100214/func/sub-100214_task-machinegame_run-01_bold.nii.gz,216
0,/oak/stanford/groups/russpold/data/ds000054/0.0.2/sub-100214/func/sub-100214_task-machinegame_run-06_bold.nii.gz,216
0,/oak/stanford/groups/russpold/data/ds000054/0.0.2/sub-100214/func/sub-100214_task-machinegame_run-04_bold.nii.gz,216
0,/oak/stanford/groups/russpold/data/ds000054/0.0.2/sub-100060/func/sub-100060_task-machinegame_run-02_bold.nii.gz,216
0,/oak/stanford/groups/russpold/data/ds000054/0.0.2/sub-100060/func/sub-100060_task-machinegame_run-06_bold.nii.gz,216
0,/oak/stanford/groups/russpold/data/ds000054/0.0.2/sub-200173/func/sub-200173_task-machinegame_run-04_bold.nii.gz,216
0,/oak/stanford/groups/russpold/data/ds000054/0.0.2/sub-100060/func/sub-100060_task-machinegame_run-03_bold.nii.gz,216
0,/oak/stanford/groups/russpold/data/ds000054/0.0.2/sub-100060/func/sub-100060_task-machinegame_run-05_bold.nii.gz,216
0,/oak/stanford/groups/russpold/data/ds000054/0.0.2/sub-100060/func/sub-100060_task-machinegame_run-04_bold.nii.gz,216
0,/oak/stanford/groups/russpold/data/ds000054/0.0.2/sub-100059/func/sub-100059_task-machinegame_run-01_bold.nii.gz,216
0,/oak/stanford/groups/russpold/data/ds000054/0.0.2/sub-100059/func/sub-100059_task-machinegame_run-05_bold.nii.gz,216
0,/oak/stanford/groups/russpold/data/ds000054/0.0.2/sub-100059/func/sub-100059_task-machinegame_run-03_bold.nii.gz,216
0,/oak/stanford/groups/russpold/data/ds000054/0.0.2/sub-100059/func/sub-100059_task-machinegame_run-04_bold.nii.gz,216
0,/oak/stanford/groups/russpold/data/ds000054/0.0.2/sub-100059/func/sub-100059_task-machinegame_run-02_bold.nii.gz,216
0,/oak/stanford/groups/russpold/data/ds000054/0.0.2/sub-100059/func/sub-100059_task-machinegame_run-06_bold.nii.gz,216
0,/oak/stanford/groups/russpold/data/ds000054/0.0.2/sub-100244/func/sub-100244_task-machinegame_run-05_bold.nii.gz,216
0,/oak/stanford/groups/russpold/data/ds000054/0.0.2/sub-100244/func/sub-100244_task-machinegame_run-01_bold.nii.gz,216
0,/oak/stanford/groups/russpold/data/ds000054/0.0.2/sub-100244/func/sub-100244_task-machinegame_run-03_bold.nii.gz,216
0,/oak/stanford/groups/russpold/data/ds000054/0.0.2/sub-100244/func/sub-100244_task-machinegame_run-02_bold.nii.gz,216
0,/oak/stanford/groups/russpold/data/ds000054/0.0.2/sub-100060/func/sub-100060_task-machinegame_run-01_bold.nii.gz,216
0,/oak/stanford/groups/russpold/data/ds000054/0.0.2/sub-100243/func/sub-100243_task-machinegame_run-03_bold.nii.gz,216
0,/oak/stanford/groups/russpold/data/ds000054/0.0.2/sub-100243/func/sub-100243_task-machinegame_run-06_bold.nii.gz,216
0,/oak/stanford/groups/russpold/data/ds000054/0.0.2/sub-100243/func/sub-100243_task-machinegame_run-05_bold.nii.gz,216
0,/oak/stanford/groups/russpold/data/ds000054/0.0.2/sub-411477/func/sub-411477_task-machinegame_run-04_bold.nii.gz,216
0,/oak/stanford/groups/russpold/data/ds000054/0.0.2/sub-200166/func/sub-200166_task-machinegame_run-02_bold.nii.gz,216
0,/oak/stanford/groups/russpold/data/ds000054/0.0.2/sub-200166/func/sub-200166_task-machinegame_run-01_bold.nii.gz,216
0,/oak/stanford/groups/russpold/data/ds000054/0.0.2/sub-200166/func/sub-200166_task-machinegame_run-03_bold.nii.gz,216
0,/oak/stanford/groups/russpold/data/ds000054/0.0.2/sub-200166/func/sub-200166_task-machinegame_run-04_bold.nii.gz,216
0,/oak/stanford/groups/russpold/data/ds000054/0.0.2/sub-200166/func/sub-200166_task-machinegame_run-06_bold.nii.gz,216
0,/oak/stanford/groups/russpold/data/ds000054/0.0.2/sub-200166/func/sub-200166_task-machinegame_run-05_bold.nii.gz,216
0,/oak/stanford/groups/russpold/data/ds000054/0.0.2/sub-409850/func/sub-409850_task-machinegame_run-01_bold.nii.gz,216
0,/oak/stanford/groups/russpold/data/ds000054/0.0.2/sub-409850/func/sub-409850_task-machinegame_run-04_bold.nii.gz,216
0,/oak/stanford/groups/russpold/data/ds000054/0.0.2/sub-409850/func/sub-409850_task-machinegame_run-06_bold.nii.gz,216
0,/oak/stanford/groups/russpold/data/ds000054/0.0.2/sub-409850/func/sub-409850_task-machinegame_run-05_bold.nii.gz,216
0,/oak/stanford/groups/russpold/data/ds000054/0.0.2/sub-409850/func/sub-409850_task-machinegame_run-03_bold.nii.gz,216
0,/oak/stanford/groups/russpold/data/ds000054/0.0.2/sub-411477/func/sub-411477_task-machinegame_run-02_bold.nii.gz,216
0,/oak/stanford/groups/russpold/data/ds000054/0.0.2/sub-409850/func/sub-409850_task-machinegame_run-02_bold.nii.gz,216
0,/oak/stanford/groups/russpold/data/ds000054/0.0.2/sub-406620/func/sub-406620_task-machinegame_run-03_bold.nii.gz,216
0,/oak/stanford/groups/russpold/data/ds000054/0.0.2/sub-406620/func/sub-406620_task-machinegame_run-02_bold.nii.gz,216
0,/oak/stanford/groups/russpold/data/ds000054/0.0.2/sub-406620/func/sub-406620_task-machinegame_run-06_bold.nii.gz,216
0,/oak/stanford/groups/russpold/data/ds000054/0.0.2/sub-406620/func/sub-406620_task-machinegame_run-04_bold.nii.gz,216
0,/oak/stanford/groups/russpold/data/ds000054/0.0.2/sub-406620/func/sub-406620_task-machinegame_run-05_bold.nii.gz,216
0,/oak/stanford/groups/russpold/data/ds000054/0.0.2/sub-411236/func/sub-411236_task-machinegame_run-01_bold.nii.gz,216
0,/oak/stanford/groups/russpold/data/ds000054/0.0.2/sub-411236/func/sub-411236_task-machinegame_run-04_bold.nii.gz,216
0,/oak/stanford/groups/russpold/data/ds000054/0.0.2/sub-411236/func/sub-411236_task-machinegame_run-06_bold.nii.gz,216
0,/oak/stanford/groups/russpold/data/ds000054/0.0.2/sub-411236/func/sub-411236_task-machinegame_run-03_bold.nii.gz,216
0,/oak/stanford/groups/russpold/data/ds000054/0.0.2/sub-411236/func/sub-411236_task-machinegame_run-05_bold.nii.gz,216
0,/oak/stanford/groups/russpold/data/ds000054/0.0.2/sub-411236/func/sub-411236_task-machinegame_run-02_bold.nii.gz,216
0,/oak/stanford/groups/russpold/data/ds000054/0.0.2/sub-304228/func/sub-304228_task-machinegame_run-03_bold.nii.gz,216
0,/oak/stanford/groups/russpold/data/ds000054/0.0.2/sub-406620/func/sub-406620_task-machinegame_run-01_bold.nii.gz,216
0,/oak/stanford/groups/russpold/data/ds000054/0.0.2/sub-411477/func/sub-411477_task-machinegame_run-05_bold.nii.gz,216
0,/oak/stanford/groups/russpold/data/ds000054/0.0.2/sub-411477/func/sub-411477_task-machinegame_run-06_bold.nii.gz,216
0,/oak/stanford/groups/russpold/data/ds000054/0.0.2/sub-411477/func/sub-411477_task-machinegame_run-03_bold.nii.gz,216
0,/oak/stanford/groups/russpold/data/ds000054/0.0.2/sub-100243/func/sub-100243_task-machinegame_run-02_bold.nii.gz,216
0,/oak/stanford/groups/russpold/data/ds000054/0.0.2/sub-100243/func/sub-100243_task-machinegame_run-01_bold.nii.gz,216
0,/oak/stanford/groups/russpold/data/ds000054/0.0.2/sub-100243/func/sub-100243_task-machinegame_run-04_bold.nii.gz,216
0,/oak/stanford/groups/russpold/data/ds000054/0.0.2/sub-100129/func/sub-100129_task-machinegame_run-01_bold.nii.gz,216
0,/oak/stanford/groups/russpold/data/ds000054/0.0.2/sub-100129/func/sub-100129_task-machinegame_run-04_bold.nii.gz,216
0,/oak/stanford/groups/russpold/data/ds000054/0.0.2/sub-100129/func/sub-100129_task-machinegame_run-06_bold.nii.gz,216
0,/oak/stanford/groups/russpold/data/ds000054/0.0.2/sub-100129/func/sub-100129_task-machinegame_run-02_bold.nii.gz,216
0,/oak/stanford/groups/russpold/data/ds000054/0.0.2/sub-100129/func/sub-100129_task-machinegame_run-03_bold.nii.gz,216
0,/oak/stanford/groups/russpold/data/ds000054/0.0.2/sub-100129/func/sub-100129_task-machinegame_run-05_bold.nii.gz,216
0,/oak/stanford/groups/russpold/data/ds000054/0.0.2/sub-100103/func/sub-100103_task-machinegame_run-04_bold.nii.gz,216
0,/oak/stanford/groups/russpold/data/ds000054/0.0.2/sub-100103/func/sub-100103_task-machinegame_run-01_bold.nii.gz,216
0,/oak/stanford/groups/russpold/data/ds000054/0.0.2/sub-100103/func/sub-100103_task-machinegame_run-02_bold.nii.gz,216
0,/oak/stanford/groups/russpold/data/ds000054/0.0.2/sub-100103/func/sub-100103_task-machinegame_run-05_bold.nii.gz,216
0,/oak/stanford/groups/russpold/data/ds000054/0.0.2/sub-100103/func/sub-100103_task-machinegame_run-06_bold.nii.gz,216
0,/oak/stanford/groups/russpold/data/ds000054/0.0.2/sub-400285/func/sub-400285_task-machinegame_run-03_bold.nii.gz,216
0,/oak/stanford/groups/russpold/data/ds000054/0.0.2/sub-400285/func/sub-400285_task-machinegame_run-05_bold.nii.gz,216
0,/oak/stanford/groups/russpold/data/ds000054/0.0.2/sub-400285/func/sub-400285_task-machinegame_run-01_bold.nii.gz,216
0,/oak/stanford/groups/russpold/data/ds000054/0.0.2/sub-400285/func/sub-400285_task-machinegame_run-02_bold.nii.gz,216
0,/oak/stanford/groups/russpold/data/ds000054/0.0.2/sub-400285/func/sub-400285_task-machinegame_run-04_bold.nii.gz,216
0,/oak/stanford/groups/russpold/data/ds000054/0.0.2/sub-400285/func/sub-400285_task-machinegame_run-06_bold.nii.gz,216
0,/oak/stanford/groups/russpold/data/ds000054/0.0.2/sub-408952/func/sub-408952_task-machinegame_run-01_bold.nii.gz,216
0,/oak/stanford/groups/russpold/data/ds000054/0.0.2/sub-408952/func/sub-408952_task-machinegame_run-05_bold.nii.gz,216
0,/oak/stanford/groups/russpold/data/ds000054/0.0.2/sub-408952/func/sub-408952_task-machinegame_run-06_bold.nii.gz,216
0,/oak/stanford/groups/russpold/data/ds000054/0.0.2/sub-408952/func/sub-408952_task-machinegame_run-04_bold.nii.gz,216
0,/oak/stanford/groups/russpold/data/ds000054/0.0.2/sub-408952/func/sub-408952_task-machinegame_run-03_bold.nii.gz,216
0,/oak/stanford/groups/russpold/data/ds000054/0.0.2/sub-408952/func/sub-408952_task-machinegame_run-02_bold.nii.gz,216
0,/oak/stanford/groups/russpold/data/ds000054/0.0.2/sub-411477/func/sub-411477_task-machinegame_run-01_bold.nii.gz,216
0,/oak/stanford/groups/russpold/data/ds000054/0.0.2/sub-304228/func/sub-304228_task-machinegame_run-06_bold.nii.gz,216
0,/oak/stanford/groups/russpold/data/ds000054/0.0.2/sub-200148/func/sub-200148_task-machinegame_run-01_bold.nii.gz,216
0,/oak/stanford/groups/russpold/data/ds000054/0.0.2/sub-200148/func/sub-200148_task-machinegame_run-05_bold.nii.gz,216
0,/oak/stanford/groups/russpold/data/ds000054/0.0.2/sub-408662/func/sub-408662_task-machinegame_run-02_bold.nii.gz,216
0,/oak/stanford/groups/russpold/data/ds000054/0.0.2/sub-100191/func/sub-100191_task-machinegame_run-02_bold.nii.gz,216
0,/oak/stanford/groups/russpold/data/ds000054/0.0.2/sub-100191/func/sub-100191_task-machinegame_run-06_bold.nii.gz,216
0,/oak/stanford/groups/russpold/data/ds000054/0.0.2/sub-100191/func/sub-100191_task-machinegame_run-03_bold.nii.gz,216
0,/oak/stanford/groups/russpold/data/ds000054/0.0.2/sub-100191/func/sub-100191_task-machinegame_run-04_bold.nii.gz,216
0,/oak/stanford/groups/russpold/data/ds000054/0.0.2/sub-100191/func/sub-100191_task-machinegame_run-05_bold.nii.gz,216
0,/oak/stanford/groups/russpold/data/ds000054/0.0.2/sub-407209/func/sub-407209_task-machinegame_run-05_bold.nii.gz,216
0,/oak/stanford/groups/russpold/data/ds000054/0.0.2/sub-407209/func/sub-407209_task-machinegame_run-02_bold.nii.gz,216
0,/oak/stanford/groups/russpold/data/ds000054/0.0.2/sub-407209/func/sub-407209_task-machinegame_run-01_bold.nii.gz,216
0,/oak/stanford/groups/russpold/data/ds000054/0.0.2/sub-407209/func/sub-407209_task-machinegame_run-04_bold.nii.gz,216
0,/oak/stanford/groups/russpold/data/ds000054/0.0.2/sub-407209/func/sub-407209_task-machinegame_run-03_bold.nii.gz,216
0,/oak/stanford/groups/russpold/data/ds000054/0.0.2/sub-407209/func/sub-407209_task-machinegame_run-06_bold.nii.gz,216
0,/oak/stanford/groups/russpold/data/ds000054/0.0.2/sub-306065/func/sub-306065_task-machinegame_run-02_bold.nii.gz,216
0,/oak/stanford/groups/russpold/data/ds000054/0.0.2/sub-100191/func/sub-100191_task-machinegame_run-01_bold.nii.gz,216
0,/oak/stanford/groups/russpold/data/ds000054/0.0.2/sub-306065/func/sub-306065_task-machinegame_run-04_bold.nii.gz,216
0,/oak/stanford/groups/russpold/data/ds000054/0.0.2/sub-306065/func/sub-306065_task-machinegame_run-03_bold.nii.gz,216
0,/oak/stanford/groups/russpold/data/ds000054/0.0.2/sub-306065/func/sub-306065_task-machinegame_run-05_bold.nii.gz,216
0,/oak/stanford/groups/russpold/data/ds000054/0.0.2/sub-407260/func/sub-407260_task-machinegame_run-03_bold.nii.gz,216
0,/oak/stanford/groups/russpold/data/ds000054/0.0.2/sub-407260/func/sub-407260_task-machinegame_run-06_bold.nii.gz,216
0,/oak/stanford/groups/russpold/data/ds000054/0.0.2/sub-407260/func/sub-407260_task-machinegame_run-04_bold.nii.gz,216
0,/oak/stanford/groups/russpold/data/ds000054/0.0.2/sub-407260/func/sub-407260_task-machinegame_run-01_bold.nii.gz,216
0,/oak/stanford/groups/russpold/data/ds000054/0.0.2/sub-407260/func/sub-407260_task-machinegame_run-02_bold.nii.gz,216
0,/oak/stanford/groups/russpold/data/ds000054/0.0.2/sub-407260/func/sub-407260_task-machinegame_run-05_bold.nii.gz,216
0,/oak/stanford/groups/russpold/data/ds000054/0.0.2/sub-200168/func/sub-200168_task-machinegame_run-05_bold.nii.gz,216
0,/oak/stanford/groups/russpold/data/ds000054/0.0.2/sub-200168/func/sub-200168_task-machinegame_run-02_bold.nii.gz,216
0,/oak/stanford/groups/russpold/data/ds000054/0.0.2/sub-200168/func/sub-200168_task-machinegame_run-04_bold.nii.gz,216
0,/oak/stanford/groups/russpold/data/ds000054/0.0.2/sub-200168/func/sub-200168_task-machinegame_run-03_bold.nii.gz,216
0,/oak/stanford/groups/russpold/data/ds000054/0.0.2/sub-306065/func/sub-306065_task-machinegame_run-06_bold.nii.gz,216
0,/oak/stanford/groups/russpold/data/ds000054/0.0.2/sub-200168/func/sub-200168_task-machinegame_run-06_bold.nii.gz,216
0,/oak/stanford/groups/russpold/data/ds000054/0.0.2/sub-406980/func/sub-406980_task-machinegame_run-01_bold.nii.gz,216
0,/oak/stanford/groups/russpold/data/ds000054/0.0.2/sub-406980/func/sub-406980_task-machinegame_run-05_bold.nii.gz,216
0,/oak/stanford/groups/russpold/data/ds000054/0.0.2/sub-100207/func/sub-100207_task-machinegame_run-05_bold.nii.gz,216
0,/oak/stanford/groups/russpold/data/ds000054/0.0.2/sub-100207/func/sub-100207_task-machinegame_run-06_bold.nii.gz,216
0,/oak/stanford/groups/russpold/data/ds000054/0.0.2/sub-100207/func/sub-100207_task-machinegame_run-04_bold.nii.gz,216
0,/oak/stanford/groups/russpold/data/ds000054/0.0.2/sub-100207/func/sub-100207_task-machinegame_run-03_bold.nii.gz,216
0,/oak/stanford/groups/russpold/data/ds000054/0.0.2/sub-100207/func/sub-100207_task-machinegame_run-01_bold.nii.gz,216
0,/oak/stanford/groups/russpold/data/ds000054/0.0.2/sub-200164/func/sub-200164_task-machinegame_run-06_bold.nii.gz,216
0,/oak/stanford/groups/russpold/data/ds000054/0.0.2/sub-200164/func/sub-200164_task-machinegame_run-01_bold.nii.gz,216
0,/oak/stanford/groups/russpold/data/ds000054/0.0.2/sub-200164/func/sub-200164_task-machinegame_run-03_bold.nii.gz,216
0,/oak/stanford/groups/russpold/data/ds000054/0.0.2/sub-200164/func/sub-200164_task-machinegame_run-02_bold.nii.gz,216
0,/oak/stanford/groups/russpold/data/ds000054/0.0.2/sub-200164/func/sub-200164_task-machinegame_run-04_bold.nii.gz,216
0,/oak/stanford/groups/russpold/data/ds000054/0.0.2/sub-200164/func/sub-200164_task-machinegame_run-05_bold.nii.gz,216
0,/oak/stanford/groups/russpold/data/ds000054/0.0.2/sub-100063/func/sub-100063_task-machinegame_run-01_bold.nii.gz,216
0,/oak/stanford/groups/russpold/data/ds000054/0.0.2/sub-406980/func/sub-406980_task-machinegame_run-04_bold.nii.gz,216
0,/oak/stanford/groups/russpold/data/ds000054/0.0.2/sub-100063/func/sub-100063_task-machinegame_run-05_bold.nii.gz,216
0,/oak/stanford/groups/russpold/data/ds000054/0.0.2/sub-100063/func/sub-100063_task-machinegame_run-02_bold.nii.gz,216
0,/oak/stanford/groups/russpold/data/ds000054/0.0.2/sub-100063/func/sub-100063_task-machinegame_run-06_bold.nii.gz,216
0,/oak/stanford/groups/russpold/data/ds000054/0.0.2/sub-100063/func/sub-100063_task-machinegame_run-04_bold.nii.gz,216
0,/oak/stanford/groups/russpold/data/ds000054/0.0.2/sub-100051/func/sub-100051_task-machinegame_run-04_bold.nii.gz,216
0,/oak/stanford/groups/russpold/data/ds000054/0.0.2/sub-100051/func/sub-100051_task-machinegame_run-05_bold.nii.gz,216
0,/oak/stanford/groups/russpold/data/ds000054/0.0.2/sub-100051/func/sub-100051_task-machinegame_run-06_bold.nii.gz,216
0,/oak/stanford/groups/russpold/data/ds000054/0.0.2/sub-100051/func/sub-100051_task-machinegame_run-02_bold.nii.gz,216
0,/oak/stanford/groups/russpold/data/ds000054/0.0.2/sub-100051/func/sub-100051_task-machinegame_run-03_bold.nii.gz,216
0,/oak/stanford/groups/russpold/data/ds000054/0.0.2/sub-100051/func/sub-100051_task-machinegame_run-01_bold.nii.gz,216
0,/oak/stanford/groups/russpold/data/ds000054/0.0.2/sub-406980/func/sub-406980_task-machinegame_run-03_bold.nii.gz,216
0,/oak/stanford/groups/russpold/data/ds000054/0.0.2/sub-406980/func/sub-406980_task-machinegame_run-02_bold.nii.gz,216
0,/oak/stanford/groups/russpold/data/ds000054/0.0.2/sub-406980/func/sub-406980_task-machinegame_run-06_bold.nii.gz,216
0,/oak/stanford/groups/russpold/data/ds000054/0.0.2/sub-100063/func/sub-100063_task-machinegame_run-03_bold.nii.gz,216
0,/oak/stanford/groups/russpold/data/ds000054/0.0.2/sub-100207/func/sub-100207_task-machinegame_run-02_bold.nii.gz,216
0,/oak/stanford/groups/russpold/data/ds000054/0.0.2/sub-200168/func/sub-200168_task-machinegame_run-01_bold.nii.gz,216
0,/oak/stanford/groups/russpold/data/ds000054/0.0.2/sub-200213/func/sub-200213_task-machinegame_run-05_bold.nii.gz,216
0,/oak/stanford/groups/russpold/data/ds000054/0.0.2/sub-100250/func/sub-100250_task-machinegame_run-06_bold.nii.gz,216
0,/oak/stanford/groups/russpold/data/ds000054/0.0.2/sub-100250/func/sub-100250_task-machinegame_run-01_bold.nii.gz,216
0,/oak/stanford/groups/russpold/data/ds000054/0.0.2/sub-100250/func/sub-100250_task-machinegame_run-02_bold.nii.gz,216
0,/oak/stanford/groups/russpold/data/ds000054/0.0.2/sub-200199/func/sub-200199_task-machinegame_run-03_bold.nii.gz,216
0,/oak/stanford/groups/russpold/data/ds000054/0.0.2/sub-200199/func/sub-200199_task-machinegame_run-06_bold.nii.gz,216
0,/oak/stanford/groups/russpold/data/ds000054/0.0.2/sub-200199/func/sub-200199_task-machinegame_run-02_bold.nii.gz,216
0,/oak/stanford/groups/russpold/data/ds000054/0.0.2/sub-200199/func/sub-200199_task-machinegame_run-05_bold.nii.gz,216
0,/oak/stanford/groups/russpold/data/ds000054/0.0.2/sub-200199/func/sub-200199_task-machinegame_run-04_bold.nii.gz,216
0,/oak/stanford/groups/russpold/data/ds000054/0.0.2/sub-200199/func/sub-200199_task-machinegame_run-01_bold.nii.gz,216
0,/oak/stanford/groups/russpold/data/ds000054/0.0.2/sub-407672/func/sub-407672_task-machinegame_run-05_bold.nii.gz,216
0,/oak/stanford/groups/russpold/data/ds000054/0.0.2/sub-407672/func/sub-407672_task-machinegame_run-01_bold.nii.gz,216
0,/oak/stanford/groups/russpold/data/ds000054/0.0.2/sub-407672/func/sub-407672_task-machinegame_run-04_bold.nii.gz,216
0,/oak/stanford/groups/russpold/data/ds000054/0.0.2/sub-100250/func/sub-100250_task-machinegame_run-03_bold.nii.gz,216
0,/oak/stanford/groups/russpold/data/ds000054/0.0.2/sub-407672/func/sub-407672_task-machinegame_run-02_bold.nii.gz,216
0,/oak/stanford/groups/russpold/data/ds000054/0.0.2/sub-407672/func/sub-407672_task-machinegame_run-03_bold.nii.gz,216
0,/oak/stanford/groups/russpold/data/ds000054/0.0.2/sub-200027/func/sub-200027_task-machinegame_run-04_bold.nii.gz,216
0,/oak/stanford/groups/russpold/data/ds000054/0.0.2/sub-200027/func/sub-200027_task-machinegame_run-02_bold.nii.gz,216
0,/oak/stanford/groups/russpold/data/ds000054/0.0.2/sub-200027/func/sub-200027_task-machinegame_run-06_bold.nii.gz,216
0,/oak/stanford/groups/russpold/data/ds000054/0.0.2/sub-200027/func/sub-200027_task-machinegame_run-05_bold.nii.gz,216
0,/oak/stanford/groups/russpold/data/ds000054/0.0.2/sub-200027/func/sub-200027_task-machinegame_run-01_bold.nii.gz,216
0,/oak/stanford/groups/russpold/data/ds000054/0.0.2/sub-200027/func/sub-200027_task-machinegame_run-03_bold.nii.gz,216
0,/oak/stanford/groups/russpold/data/ds000054/0.0.2/sub-100128/func/sub-100128_task-machinegame_run-06_bold.nii.gz,216
0,/oak/stanford/groups/russpold/data/ds000054/0.0.2/sub-100128/func/sub-100128_task-machinegame_run-01_bold.nii.gz,216
0,/oak/stanford/groups/russpold/data/ds000054/0.0.2/sub-100128/func/sub-100128_task-machinegame_run-05_bold.nii.gz,216
0,/oak/stanford/groups/russpold/data/ds000054/0.0.2/sub-100128/func/sub-100128_task-machinegame_run-04_bold.nii.gz,216
0,/oak/stanford/groups/russpold/data/ds000054/0.0.2/sub-100128/func/sub-100128_task-machinegame_run-03_bold.nii.gz,216
0,/oak/stanford/groups/russpold/data/ds000054/0.0.2/sub-407672/func/sub-407672_task-machinegame_run-06_bold.nii.gz,216
0,/oak/stanford/groups/russpold/data/ds000054/0.0.2/sub-200213/func/sub-200213_task-machinegame_run-02_bold.nii.gz,216
0,/oak/stanford/groups/russpold/data/ds000054/0.0.2/sub-100250/func/sub-100250_task-machinegame_run-05_bold.nii.gz,216
0,/oak/stanford/groups/russpold/data/ds000054/0.0.2/sub-310949/func/sub-310949_task-machinegame_run-06_bold.nii.gz,216
0,/oak/stanford/groups/russpold/data/ds000054/0.0.2/sub-200213/func/sub-200213_task-machinegame_run-06_bold.nii.gz,216
0,/oak/stanford/groups/russpold/data/ds000054/0.0.2/sub-200213/func/sub-200213_task-machinegame_run-04_bold.nii.gz,216
0,/oak/stanford/groups/russpold/data/ds000054/0.0.2/sub-200213/func/sub-200213_task-machinegame_run-03_bold.nii.gz,216
0,/oak/stanford/groups/russpold/data/ds000054/0.0.2/sub-200213/func/sub-200213_task-machinegame_run-01_bold.nii.gz,216
0,/oak/stanford/groups/russpold/data/ds000054/0.0.2/sub-409381/func/sub-409381_task-machinegame_run-03_bold.nii.gz,216
0,/oak/stanford/groups/russpold/data/ds000054/0.0.2/sub-409381/func/sub-409381_task-machinegame_run-01_bold.nii.gz,216
0,/oak/stanford/groups/russpold/data/ds000054/0.0.2/sub-409381/func/sub-409381_task-machinegame_run-05_bold.nii.gz,216
0,/oak/stanford/groups/russpold/data/ds000054/0.0.2/sub-409381/func/sub-409381_task-machinegame_run-06_bold.nii.gz,216
0,/oak/stanford/groups/russpold/data/ds000054/0.0.2/sub-409381/func/sub-409381_task-machinegame_run-02_bold.nii.gz,216
0,/oak/stanford/groups/russpold/data/ds000054/0.0.2/sub-409381/func/sub-409381_task-machinegame_run-04_bold.nii.gz,216
0,/oak/stanford/groups/russpold/data/ds000054/0.0.2/sub-408511/func/sub-408511_task-machinegame_run-04_bold.nii.gz,216
0,/oak/stanford/groups/russpold/data/ds000054/0.0.2/sub-408511/func/sub-408511_task-machinegame_run-01_bold.nii.gz,216
0,/oak/stanford/groups/russpold/data/ds000054/0.0.2/sub-100250/func/sub-100250_task-machinegame_run-04_bold.nii.gz,216
0,/oak/stanford/groups/russpold/data/ds000054/0.0.2/sub-408511/func/sub-408511_task-machinegame_run-05_bold.nii.gz,216
0,/oak/stanford/groups/russpold/data/ds000054/0.0.2/sub-408511/func/sub-408511_task-machinegame_run-03_bold.nii.gz,216
0,/oak/stanford/groups/russpold/data/ds000054/0.0.2/sub-100009/func/sub-100009_task-machinegame_run-05_bold.nii.gz,216
0,/oak/stanford/groups/russpold/data/ds000054/0.0.2/sub-100009/func/sub-100009_task-machinegame_run-04_bold.nii.gz,216
0,/oak/stanford/groups/russpold/data/ds000054/0.0.2/sub-100009/func/sub-100009_task-machinegame_run-02_bold.nii.gz,216
0,/oak/stanford/groups/russpold/data/ds000054/0.0.2/sub-100009/func/sub-100009_task-machinegame_run-03_bold.nii.gz,216
0,/oak/stanford/groups/russpold/data/ds000054/0.0.2/sub-100009/func/sub-100009_task-machinegame_run-01_bold.nii.gz,216
0,/oak/stanford/groups/russpold/data/ds000054/0.0.2/sub-100009/func/sub-100009_task-machinegame_run-06_bold.nii.gz,216
0,/oak/stanford/groups/russpold/data/ds000054/0.0.2/sub-310949/func/sub-310949_task-machinegame_run-05_bold.nii.gz,216
0,/oak/stanford/groups/russpold/data/ds000054/0.0.2/sub-310949/func/sub-310949_task-machinegame_run-01_bold.nii.gz,216
0,/oak/stanford/groups/russpold/data/ds000054/0.0.2/sub-310949/func/sub-310949_task-machinegame_run-02_bold.nii.gz,216
0,/oak/stanford/groups/russpold/data/ds000054/0.0.2/sub-310949/func/sub-310949_task-machinegame_run-04_bold.nii.gz,216
0,/oak/stanford/groups/russpold/data/ds000054/0.0.2/sub-310949/func/sub-310949_task-machinegame_run-03_bold.nii.gz,216
0,/oak/stanford/groups/russpold/data/ds000054/0.0.2/sub-408511/func/sub-408511_task-machinegame_run-02_bold.nii.gz,216
0,/oak/stanford/groups/russpold/data/ds000054/0.0.2/sub-100247/func/sub-100247_task-machinegame_run-03_bold.nii.gz,216
0,/oak/stanford/groups/russpold/data/ds000054/0.0.2/sub-100247/func/sub-100247_task-machinegame_run-01_bold.nii.gz,216
0,/oak/stanford/groups/russpold/data/ds000054/0.0.2/sub-100247/func/sub-100247_task-machinegame_run-06_bold.nii.gz,216
0,/oak/stanford/groups/russpold/data/ds000054/0.0.2/sub-408988/func/sub-408988_task-machinegame_run-03_bold.nii.gz,216
0,/oak/stanford/groups/russpold/data/ds000054/0.0.2/sub-408988/func/sub-408988_task-machinegame_run-02_bold.nii.gz,216
0,/oak/stanford/groups/russpold/data/ds000054/0.0.2/sub-408988/func/sub-408988_task-machinegame_run-05_bold.nii.gz,216
0,/oak/stanford/groups/russpold/data/ds000054/0.0.2/sub-408988/func/sub-408988_task-machinegame_run-06_bold.nii.gz,216
0,/oak/stanford/groups/russpold/data/ds000054/0.0.2/sub-408988/func/sub-408988_task-machinegame_run-01_bold.nii.gz,216
0,/oak/stanford/groups/russpold/data/ds000054/0.0.2/sub-408988/func/sub-408988_task-machinegame_run-04_bold.nii.gz,216
0,/oak/stanford/groups/russpold/data/ds000054/0.0.2/sub-200025/func/sub-200025_task-machinegame_run-01_bold.nii.gz,216
0,/oak/stanford/groups/russpold/data/ds000054/0.0.2/sub-200025/func/sub-200025_task-machinegame_run-02_bold.nii.gz,216
0,/oak/stanford/groups/russpold/data/ds000054/0.0.2/sub-200025/func/sub-200025_task-machinegame_run-05_bold.nii.gz,216
0,/oak/stanford/groups/russpold/data/ds000054/0.0.2/sub-200025/func/sub-200025_task-machinegame_run-04_bold.nii.gz,216
0,/oak/stanford/groups/russpold/data/ds000054/0.0.2/sub-200025/func/sub-200025_task-machinegame_run-03_bold.nii.gz,216
0,/oak/stanford/groups/russpold/data/ds000054/0.0.2/sub-200162/func/sub-200162_task-machinegame_run-03_bold.nii.gz,216
0,/oak/stanford/groups/russpold/data/ds000054/0.0.2/sub-100068/func/sub-100068_task-machinegame_run-04_bold.nii.gz,216
0,/oak/stanford/groups/russpold/data/ds000054/0.0.2/sub-200162/func/sub-200162_task-machinegame_run-01_bold.nii.gz,216
0,/oak/stanford/groups/russpold/data/ds000054/0.0.2/sub-200162/func/sub-200162_task-machinegame_run-05_bold.nii.gz,216
0,/oak/stanford/groups/russpold/data/ds000054/0.0.2/sub-200162/func/sub-200162_task-machinegame_run-06_bold.nii.gz,216
0,/oak/stanford/groups/russpold/data/ds000054/0.0.2/sub-200162/func/sub-200162_task-machinegame_run-02_bold.nii.gz,216
0,/oak/stanford/groups/russpold/data/ds000054/0.0.2/sub-408394/func/sub-408394_task-machinegame_run-05_bold.nii.gz,216
0,/oak/stanford/groups/russpold/data/ds000054/0.0.2/sub-408394/func/sub-408394_task-machinegame_run-06_bold.nii.gz,216
0,/oak/stanford/groups/russpold/data/ds000054/0.0.2/sub-408394/func/sub-408394_task-machinegame_run-03_bold.nii.gz,216
0,/oak/stanford/groups/russpold/data/ds000054/0.0.2/sub-408394/func/sub-408394_task-machinegame_run-02_bold.nii.gz,216
0,/oak/stanford/groups/russpold/data/ds000054/0.0.2/sub-408394/func/sub-408394_task-machinegame_run-01_bold.nii.gz,216
0,/oak/stanford/groups/russpold/data/ds000054/0.0.2/sub-408394/func/sub-408394_task-machinegame_run-04_bold.nii.gz,216
0,/oak/stanford/groups/russpold/data/ds000054/0.0.2/sub-200061/func/sub-200061_task-machinegame_run-01_bold.nii.gz,216
0,/oak/stanford/groups/russpold/data/ds000054/0.0.2/sub-200061/func/sub-200061_task-machinegame_run-05_bold.nii.gz,216
0,/oak/stanford/groups/russpold/data/ds000054/0.0.2/sub-200061/func/sub-200061_task-machinegame_run-02_bold.nii.gz,216
0,/oak/stanford/groups/russpold/data/ds000054/0.0.2/sub-200162/func/sub-200162_task-machinegame_run-04_bold.nii.gz,216
0,/oak/stanford/groups/russpold/data/ds000054/0.0.2/sub-200061/func/sub-200061_task-machinegame_run-04_bold.nii.gz,216
0,/oak/stanford/groups/russpold/data/ds000054/0.0.2/sub-100068/func/sub-100068_task-machinegame_run-01_bold.nii.gz,216
0,/oak/stanford/groups/russpold/data/ds000054/0.0.2/sub-100068/func/sub-100068_task-machinegame_run-02_bold.nii.gz,216
0,/oak/stanford/groups/russpold/data/ds000054/0.0.2/sub-200148/func/sub-200148_task-machinegame_run-02_bold.nii.gz,216
0,/oak/stanford/groups/russpold/data/ds000054/0.0.2/sub-100241/func/sub-100241_task-machinegame_run-02_bold.nii.gz,216
0,/oak/stanford/groups/russpold/data/ds000054/0.0.2/sub-100241/func/sub-100241_task-machinegame_run-06_bold.nii.gz,216
0,/oak/stanford/groups/russpold/data/ds000054/0.0.2/sub-100241/func/sub-100241_task-machinegame_run-01_bold.nii.gz,216
0,/oak/stanford/groups/russpold/data/ds000054/0.0.2/sub-100241/func/sub-100241_task-machinegame_run-03_bold.nii.gz,216
0,/oak/stanford/groups/russpold/data/ds000054/0.0.2/sub-100241/func/sub-100241_task-machinegame_run-05_bold.nii.gz,216
0,/oak/stanford/groups/russpold/data/ds000054/0.0.2/sub-100104/func/sub-100104_task-machinegame_run-06_bold.nii.gz,216
0,/oak/stanford/groups/russpold/data/ds000054/0.0.2/sub-100104/func/sub-100104_task-machinegame_run-02_bold.nii.gz,216
0,/oak/stanford/groups/russpold/data/ds000054/0.0.2/sub-100104/func/sub-100104_task-machinegame_run-03_bold.nii.gz,216
0,/oak/stanford/groups/russpold/data/ds000054/0.0.2/sub-100104/func/sub-100104_task-machinegame_run-05_bold.nii.gz,216
0,/oak/stanford/groups/russpold/data/ds000054/0.0.2/sub-100104/func/sub-100104_task-machinegame_run-01_bold.nii.gz,216
0,/oak/stanford/groups/russpold/data/ds000054/0.0.2/sub-100104/func/sub-100104_task-machinegame_run-04_bold.nii.gz,216
0,/oak/stanford/groups/russpold/data/ds000054/0.0.2/sub-100068/func/sub-100068_task-machinegame_run-06_bold.nii.gz,216
0,/oak/stanford/groups/russpold/data/ds000054/0.0.2/sub-411256/func/sub-411256_task-machinegame_run-05_bold.nii.gz,216
0,/oak/stanford/groups/russpold/data/ds000054/0.0.2/sub-411256/func/sub-411256_task-machinegame_run-03_bold.nii.gz,216
0,/oak/stanford/groups/russpold/data/ds000054/0.0.2/sub-411256/func/sub-411256_task-machinegame_run-01_bold.nii.gz,216
0,/oak/stanford/groups/russpold/data/ds000054/0.0.2/sub-411256/func/sub-411256_task-machinegame_run-04_bold.nii.gz,216
0,/oak/stanford/groups/russpold/data/ds000054/0.0.2/sub-411256/func/sub-411256_task-machinegame_run-06_bold.nii.gz,216
0,/oak/stanford/groups/russpold/data/ds000054/0.0.2/sub-200088/func/sub-200088_task-machinegame_run-06_bold.nii.gz,216
0,/oak/stanford/groups/russpold/data/ds000054/0.0.2/sub-200088/func/sub-200088_task-machinegame_run-03_bold.nii.gz,216
0,/oak/stanford/groups/russpold/data/ds000054/0.0.2/sub-200088/func/sub-200088_task-machinegame_run-01_bold.nii.gz,216
0,/oak/stanford/groups/russpold/data/ds000054/0.0.2/sub-200088/func/sub-200088_task-machinegame_run-02_bold.nii.gz,216
0,/oak/stanford/groups/russpold/data/ds000054/0.0.2/sub-200088/func/sub-200088_task-machinegame_run-05_bold.nii.gz,216
0,/oak/stanford/groups/russpold/data/ds000054/0.0.2/sub-200088/func/sub-200088_task-machinegame_run-04_bold.nii.gz,216
0,/oak/stanford/groups/russpold/data/ds000054/0.0.2/sub-100068/func/sub-100068_task-machinegame_run-03_bold.nii.gz,216
0,/oak/stanford/groups/russpold/data/ds000054/0.0.2/sub-100068/func/sub-100068_task-machinegame_run-05_bold.nii.gz,216
0,/oak/stanford/groups/russpold/data/ds000054/0.0.2/sub-411256/func/sub-411256_task-machinegame_run-02_bold.nii.gz,216
0,/oak/stanford/groups/russpold/data/ds000054/0.0.2/sub-200061/func/sub-200061_task-machinegame_run-06_bold.nii.gz,216
0,/oak/stanford/groups/russpold/data/ds000054/0.0.2/sub-200061/func/sub-200061_task-machinegame_run-03_bold.nii.gz,216
0,/oak/stanford/groups/russpold/data/ds000054/0.0.2/sub-200249/func/sub-200249_task-machinegame_run-04_bold.nii.gz,216
0,/oak/stanford/groups/russpold/data/ds000054/0.0.2/sub-200056/func/sub-200056_task-machinegame_run-05_bold.nii.gz,216
0,/oak/stanford/groups/russpold/data/ds000054/0.0.2/sub-200056/func/sub-200056_task-machinegame_run-04_bold.nii.gz,216
0,/oak/stanford/groups/russpold/data/ds000054/0.0.2/sub-200056/func/sub-200056_task-machinegame_run-02_bold.nii.gz,216
0,/oak/stanford/groups/russpold/data/ds000054/0.0.2/sub-409874/func/sub-409874_task-machinegame_run-04_bold.nii.gz,216
0,/oak/stanford/groups/russpold/data/ds000054/0.0.2/sub-409874/func/sub-409874_task-machinegame_run-06_bold.nii.gz,216
0,/oak/stanford/groups/russpold/data/ds000054/0.0.2/sub-409874/func/sub-409874_task-machinegame_run-02_bold.nii.gz,216
0,/oak/stanford/groups/russpold/data/ds000054/0.0.2/sub-409874/func/sub-409874_task-machinegame_run-03_bold.nii.gz,216
0,/oak/stanford/groups/russpold/data/ds000054/0.0.2/sub-409874/func/sub-409874_task-machinegame_run-05_bold.nii.gz,216
0,/oak/stanford/groups/russpold/data/ds000054/0.0.2/sub-409874/func/sub-409874_task-machinegame_run-01_bold.nii.gz,216
0,/oak/stanford/groups/russpold/data/ds000054/0.0.2/sub-100057/func/sub-100057_task-machinegame_run-01_bold.nii.gz,216
0,/oak/stanford/groups/russpold/data/ds000054/0.0.2/sub-100057/func/sub-100057_task-machinegame_run-04_bold.nii.gz,216
0,/oak/stanford/groups/russpold/data/ds000054/0.0.2/sub-100057/func/sub-100057_task-machinegame_run-05_bold.nii.gz,216
0,/oak/stanford/groups/russpold/data/ds000054/0.0.2/sub-200056/func/sub-200056_task-machinegame_run-03_bold.nii.gz,216
0,/oak/stanford/groups/russpold/data/ds000054/0.0.2/sub-100057/func/sub-100057_task-machinegame_run-06_bold.nii.gz,216
0,/oak/stanford/groups/russpold/data/ds000054/0.0.2/sub-100057/func/sub-100057_task-machinegame_run-02_bold.nii.gz,216
0,/oak/stanford/groups/russpold/data/ds000054/0.0.2/sub-100003/func/sub-100003_task-machinegame_run-01_bold.nii.gz,216
0,/oak/stanford/groups/russpold/data/ds000054/0.0.2/sub-100003/func/sub-100003_task-machinegame_run-03_bold.nii.gz,216
0,/oak/stanford/groups/russpold/data/ds000054/0.0.2/sub-100003/func/sub-100003_task-machinegame_run-04_bold.nii.gz,216
0,/oak/stanford/groups/russpold/data/ds000054/0.0.2/sub-100003/func/sub-100003_task-machinegame_run-06_bold.nii.gz,216
0,/oak/stanford/groups/russpold/data/ds000054/0.0.2/sub-100003/func/sub-100003_task-machinegame_run-02_bold.nii.gz,216
0,/oak/stanford/groups/russpold/data/ds000054/0.0.2/sub-100003/func/sub-100003_task-machinegame_run-05_bold.nii.gz,216
0,/oak/stanford/groups/russpold/data/ds000054/0.0.2/sub-100109/func/sub-100109_task-machinegame_run-01_bold.nii.gz,216
0,/oak/stanford/groups/russpold/data/ds000054/0.0.2/sub-100109/func/sub-100109_task-machinegame_run-02_bold.nii.gz,216
0,/oak/stanford/groups/russpold/data/ds000054/0.0.2/sub-100247/func/sub-100247_task-machinegame_run-05_bold.nii.gz,216
0,/oak/stanford/groups/russpold/data/ds000054/0.0.2/sub-100247/func/sub-100247_task-machinegame_run-04_bold.nii.gz,216
0,/oak/stanford/groups/russpold/data/ds000054/0.0.2/sub-100247/func/sub-100247_task-machinegame_run-02_bold.nii.gz,216
0,/oak/stanford/groups/russpold/data/ds000054/0.0.2/sub-100057/func/sub-100057_task-machinegame_run-03_bold.nii.gz,216
0,/oak/stanford/groups/russpold/data/ds000054/0.0.2/sub-200056/func/sub-200056_task-machinegame_run-06_bold.nii.gz,216
0,/oak/stanford/groups/russpold/data/ds000054/0.0.2/sub-200056/func/sub-200056_task-machinegame_run-01_bold.nii.gz,216
0,/oak/stanford/groups/russpold/data/ds000054/0.0.2/sub-405027/func/sub-405027_task-machinegame_run-06_bold.nii.gz,216
0,/oak/stanford/groups/russpold/data/ds000054/0.0.2/sub-200249/func/sub-200249_task-machinegame_run-01_bold.nii.gz,216
0,/oak/stanford/groups/russpold/data/ds000054/0.0.2/sub-200249/func/sub-200249_task-machinegame_run-05_bold.nii.gz,216
0,/oak/stanford/groups/russpold/data/ds000054/0.0.2/sub-200249/func/sub-200249_task-machinegame_run-06_bold.nii.gz,216
0,/oak/stanford/groups/russpold/data/ds000054/0.0.2/sub-200249/func/sub-200249_task-machinegame_run-02_bold.nii.gz,216
0,/oak/stanford/groups/russpold/data/ds000054/0.0.2/sub-200249/func/sub-200249_task-machinegame_run-03_bold.nii.gz,216
0,/oak/stanford/groups/russpold/data/ds000054/0.0.2/sub-100188/func/sub-100188_task-machinegame_run-05_bold.nii.gz,216
0,/oak/stanford/groups/russpold/data/ds000054/0.0.2/sub-100188/func/sub-100188_task-machinegame_run-06_bold.nii.gz,216
0,/oak/stanford/groups/russpold/data/ds000054/0.0.2/sub-100188/func/sub-100188_task-machinegame_run-02_bold.nii.gz,216
0,/oak/stanford/groups/russpold/data/ds000054/0.0.2/sub-100188/func/sub-100188_task-machinegame_run-01_bold.nii.gz,216
0,/oak/stanford/groups/russpold/data/ds000054/0.0.2/sub-100188/func/sub-100188_task-machinegame_run-03_bold.nii.gz,216
0,/oak/stanford/groups/russpold/data/ds000054/0.0.2/sub-311444/func/sub-311444_task-machinegame_run-02_bold.nii.gz,216
0,/oak/stanford/groups/russpold/data/ds000054/0.0.2/sub-311444/func/sub-311444_task-machinegame_run-04_bold.nii.gz,216
0,/oak/stanford/groups/russpold/data/ds000054/0.0.2/sub-311444/func/sub-311444_task-machinegame_run-01_bold.nii.gz,216
0,/oak/stanford/groups/russpold/data/ds000054/0.0.2/sub-311444/func/sub-311444_task-machinegame_run-06_bold.nii.gz,216
0,/oak/stanford/groups/russpold/data/ds000054/0.0.2/sub-311444/func/sub-311444_task-machinegame_run-03_bold.nii.gz,216
0,/oak/stanford/groups/russpold/data/ds000054/0.0.2/sub-311444/func/sub-311444_task-machinegame_run-05_bold.nii.gz,216
0,/oak/stanford/groups/russpold/data/ds000054/0.0.2/sub-311283/func/sub-311283_task-machinegame_run-04_bold.nii.gz,216
0,/oak/stanford/groups/russpold/data/ds000054/0.0.2/sub-311283/func/sub-311283_task-machinegame_run-03_bold.nii.gz,216
0,/oak/stanford/groups/russpold/data/ds000054/0.0.2/sub-311283/func/sub-311283_task-machinegame_run-05_bold.nii.gz,216
0,/oak/stanford/groups/russpold/data/ds000054/0.0.2/sub-311283/func/sub-311283_task-machinegame_run-06_bold.nii.gz,216
0,/oak/stanford/groups/russpold/data/ds000054/0.0.2/sub-311283/func/sub-311283_task-machinegame_run-01_bold.nii.gz,216
0,/oak/stanford/groups/russpold/data/ds000054/0.0.2/sub-311283/func/sub-311283_task-machinegame_run-02_bold.nii.gz,216
0,/oak/stanford/groups/russpold/data/ds000054/0.0.2/sub-405027/func/sub-405027_task-machinegame_run-03_bold.nii.gz,216
0,/oak/stanford/groups/russpold/data/ds000054/0.0.2/sub-405027/func/sub-405027_task-machinegame_run-05_bold.nii.gz,216
0,/oak/stanford/groups/russpold/data/ds000054/0.0.2/sub-405027/func/sub-405027_task-machinegame_run-02_bold.nii.gz,216
0,/oak/stanford/groups/russpold/data/ds000054/0.0.2/sub-405027/func/sub-405027_task-machinegame_run-01_bold.nii.gz,216
0,/oak/stanford/groups/russpold/data/ds000054/0.0.2/sub-405027/func/sub-405027_task-machinegame_run-04_bold.nii.gz,216
0,/oak/stanford/groups/russpold/data/ds000054/0.0.2/sub-200148/func/sub-200148_task-machinegame_run-03_bold.nii.gz,216
0,/oak/stanford/groups/russpold/data/ds000054/0.0.2/sub-408662/func/sub-408662_task-machinegame_run-06_bold.nii.gz,216
